Modelo,Base,Tipo,Treino,Previsao,RMSE,MAPE,Loja,Item
ARIMA,Favorita,Tudo,59.33,0.02,501644,7.17,Todas,Todos
CNN,Favorita,Tudo,5.24,0.21,850827,11.85,Todas,Todos
LSMT,Favorita,Tudo,33.36,0.55,497659,6.19,Todas,Todos
Prophet,Favorita,Tudo,0.39,0.12,826610,12.21,Todas,Todos
ARIMA,M5,Tudo,664.7,0.02,16910,5.4,Todas,Todos
CNN,M5,Tudo,5.97,0.14,22826,6.64,Todas,Todos
LSMT,M5,Tudo,11.05,0.54,12593,3.52,Todas,Todos
Prophet,M5,Tudo,0.29,0.1,27434,7.96,Todas,Todos
ARIMA,Olist,Tudo,32.13,0.01,488,25.17,Todas,Todos
CNN,Olist,Tudo,2.54,0.12,414,20.84,Todas,Todos
LSMT,Olist,Tudo,11.28,0.57,475,23.9,Todas,Todos
Prophet,Olist,Tudo,0.44,0.04,615,33.36,Todas,Todos
ARIMA,Favorita,Loja,60.1,0.01,29876,9.85,3,Todos
CNN,Favorita,Loja,6.41,0.13,29931,8.58,3,Todos
LSMT,Favorita,Loja,13.41,0.49,20419,5.83,3,Todos
Prophet,Favorita,Loja,0.25,0.07,50436,16.44,3,Todos
ARIMA,Favorita,Loja,48.86,0.01,14248,6.99,8,Todos
CNN,Favorita,Loja,4.9,0.14,21135,10.57,8,Todos
LSMT,Favorita,Loja,7.84,0.49,14790,6.57,8,Todos
Prophet,Favorita,Loja,0.18,0.08,27230,14.41,8,Todos
ARIMA,Favorita,Loja,92.91,0.02,31177,8.06,44,Todos
CNN,Favorita,Loja,4.73,0.17,34970,7.99,44,Todos
LSMT,Favorita,Loja,13.7,0.49,33999,7.99,44,Todos
Prophet,Favorita,Loja,0.23,0.18,52602,13.92,44,Todos
ARIMA,Favorita,Loja,60.8,0.02,29031,7.67,45,Todos
CNN,Favorita,Loja,3.95,0.17,46551,12.29,45,Todos
LSMT,Favorita,Loja,9.75,0.5,27263,6.96,45,Todos
Prophet,Favorita,Loja,0.23,0.1,42673,12.72,45,Todos
ARIMA,Favorita,Loja,286.63,0.02,26582,10.52,46,Todos
CNN,Favorita,Loja,4.65,0.17,35168,12.17,46,Todos
LSMT,Favorita,Loja,10.77,0.5,23287,8.04,46,Todos
Prophet,Favorita,Loja,0.2,0.06,29950,12.18,46,Todos
ARIMA,Favorita,Loja,734.62,0.02,30369,10.06,47,Todos
CNN,Favorita,Loja,4.52,0.13,36456,10.04,47,Todos
LSMT,Favorita,Loja,6.03,0.51,25796,6.94,47,Todos
Prophet,Favorita,Loja,0.23,0.11,37517,12.14,47,Todos
ARIMA,Favorita,Loja,217.01,0.02,21233,10.23,48,Todos
CNN,Favorita,Loja,4.95,0.13,27711,10.87,48,Todos
LSMT,Favorita,Loja,14.72,0.5,19904,8.36,48,Todos
Prophet,Favorita,Loja,0.19,0.05,29573,14.99,48,Todos
ARIMA,Favorita,Loja,52.89,0.01,24432,8.14,49,Todos
CNN,Favorita,Loja,4.6,0.13,37012,11.4,49,Todos
LSMT,Favorita,Loja,5.77,0.52,21812,6.76,49,Todos
Prophet,Favorita,Loja,0.22,0.09,45524,15.6,49,Todos
ARIMA,Favorita,Loja,243.08,0.01,15090,8.31,50,Todos
CNN,Favorita,Loja,5.08,0.15,21823,10.9,50,Todos
LSMT,Favorita,Loja,12.03,0.52,13764,7.2,50,Todos
Prophet,Favorita,Loja,0.19,0.13,15875,9.17,50,Todos
ARIMA,Favorita,Loja,54.55,0.02,22011,11.89,51,Todos
CNN,Favorita,Loja,4.75,0.17,12841,6.16,51,Todos
LSMT,Favorita,Loja,13.46,0.5,13378,6.96,51,Todos
Prophet,Favorita,Loja,0.17,0.07,32067,15.83,51,Todos
ARIMA,M5,Loja,538.68,0.02,2813,7.43,CA_1,Todos
CNN,M5,Loja,5.21,0.12,2622,6.81,CA_1,Todos
LSMT,M5,Loja,10.23,0.51,1624,4.21,CA_1,Todos
Prophet,M5,Loja,0.18,0.06,1746,4.37,CA_1,Todos
ARIMA,M5,Loja,1772.77,0.07,8840,25.16,CA_2,Todos
CNN,M5,Loja,5.11,0.15,4318,12.73,CA_2,Todos
LSMT,M5,Loja,8.65,0.52,2132,6.18,CA_2,Todos
Prophet,M5,Loja,0.22,0.08,12684,36.21,CA_2,Todos
ARIMA,M5,Loja,850.86,0.01,4756,9.79,CA_3,Todos
CNN,M5,Loja,5.32,0.13,3596,6.7,CA_3,Todos
LSMT,M5,Loja,9.72,0.55,2367,4.57,CA_3,Todos
Prophet,M5,Loja,0.19,0.09,4675,9.81,CA_3,Todos
ARIMA,M5,Loja,1333.91,0.06,1054,4.79,CA_4,Todos
CNN,M5,Loja,5.34,0.12,1389,6.71,CA_4,Todos
LSMT,M5,Loja,7.96,0.54,842,3.78,CA_4,Todos
Prophet,M5,Loja,0.21,0.08,1103,4.87,CA_4,Todos
ARIMA,M5,Loja,954.9,0.09,1326,4.69,TX_1,Todos
CNN,M5,Loja,5.09,0.13,1842,6.57,TX_1,Todos
LSMT,M5,Loja,10.8,0.54,1310,4.87,TX_1,Todos
Prophet,M5,Loja,0.26,0.1,1650,5.97,TX_1,Todos
ARIMA,M5,Loja,337.62,0.01,3204,9.92,TX_2,Todos
CNN,M5,Loja,5.24,0.13,2089,6.07,TX_2,Todos
LSMT,M5,Loja,5.97,0.53,1401,4.16,TX_2,Todos
Prophet,M5,Loja,0.2,0.08,6662,21.2,TX_2,Todos
ARIMA,M5,Loja,910.37,0.07,2833,9.4,TX_3,Todos
CNN,M5,Loja,5.16,0.13,2824,8.89,TX_3,Todos
LSMT,M5,Loja,10.97,0.52,1462,4.26,TX_3,Todos
Prophet,M5,Loja,0.2,0.06,1945,5.71,TX_3,Todos
ARIMA,M5,Loja,34.56,0.01,2441,8.52,WI_1,Todos
CNN,M5,Loja,5.24,0.12,4056,15.12,WI_1,Todos
LSMT,M5,Loja,10.88,0.52,1539,4.59,WI_1,Todos
Prophet,M5,Loja,0.18,0.1,2827,9.97,WI_1,Todos
ARIMA,M5,Loja,841.4,0.07,3185,7.67,WI_2,Todos
CNN,M5,Loja,5.57,0.14,6381,14.99,WI_2,Todos
LSMT,M5,Loja,11.4,0.85,2613,6.55,WI_2,Todos
Prophet,M5,Loja,0.21,0.07,5070,14.3,WI_2,Todos
ARIMA,M5,Loja,499.17,0.01,4794,15.69,WI_3,Todos
CNN,M5,Loja,5.23,0.12,3064,9.85,WI_3,Todos
LSMT,M5,Loja,17.76,0.5,1674,5.48,WI_3,Todos
Prophet,M5,Loja,0.16,0.07,9380,31.89,WI_3,Todos
ARIMA,Olist,Loja,26.37,0.01,19,84.43,Loja_1,Todos
CNN,Olist,Loja,2.74,0.12,18,41.19,Loja_1,Todos
LSMT,Olist,Loja,12.18,0.58,18,56.38,Loja_1,Todos
Prophet,Olist,Loja,0.69,0.04,23,91.35,Loja_1,Todos
ARIMA,Olist,Loja,21.01,0.01,25,489.15,Loja_10,Todos
CNN,Olist,Loja,2.94,0.13,7,126.1,Loja_10,Todos
LSMT,Olist,Loja,12.2,0.56,5,86.39,Loja_10,Todos
Prophet,Olist,Loja,0.4,0.05,45,800.3,Loja_10,Todos
ARIMA,Olist,Loja,20.68,0.01,32,178.85,Loja_2,Todos
CNN,Olist,Loja,2.66,0.13,14,83.16,Loja_2,Todos
LSMT,Olist,Loja,11.44,0.59,14,79.43,Loja_2,Todos
Prophet,Olist,Loja,0.55,0.03,271,903.73,Loja_2,Todos
ARIMA,Olist,Loja,23.78,0.01,36,252.61,Loja_3,Todos
CNN,Olist,Loja,2.69,0.12,17,90.66,Loja_3,Todos
LSMT,Olist,Loja,11.57,0.57,75,302.18,Loja_3,Todos
Prophet,Olist,Loja,0.45,0.05,36,177.35,Loja_3,Todos
ARIMA,Olist,Loja,28.08,0.01,44,537.88,Loja_4,Todos
CNN,Olist,Loja,2.69,0.13,11,96.52,Loja_4,Todos
LSMT,Olist,Loja,11.93,0.56,81,438.95,Loja_4,Todos
Prophet,Olist,Loja,0.53,0.04,46,555.78,Loja_4,Todos
ARIMA,Olist,Loja,36.85,0.01,25,146.89,Loja_5,Todos
CNN,Olist,Loja,2.61,0.12,9,39.55,Loja_5,Todos
LSMT,Olist,Loja,11.73,0.64,121,491.76,Loja_5,Todos
Prophet,Olist,Loja,0.5,0.04,18,85.04,Loja_5,Todos
ARIMA,Olist,Loja,27.57,0.01,47,212.81,Loja_6,Todos
CNN,Olist,Loja,2.66,0.12,23,64.61,Loja_6,Todos
LSMT,Olist,Loja,12.05,0.56,349,1304.11,Loja_6,Todos
Prophet,Olist,Loja,0.8,0.03,88,210.18,Loja_6,Todos
ARIMA,Olist,Loja,8.22,0.01,16,6.32e+17,Loja_7,Todos
CNN,Olist,Loja,2.62,0.15,14,7.05e+17,Loja_7,Todos
LSMT,Olist,Loja,12.0,0.62,113,6.27e+18,Loja_7,Todos
Prophet,Olist,Loja,0.64,0.04,75,1.09e+18,Loja_7,Todos
ARIMA,Olist,Loja,6.1,0.01,16,1.11e+18,Loja_8,Todos
CNN,Olist,Loja,2.6,0.15,14,6.27e+17,Loja_8,Todos
LSMT,Olist,Loja,12.44,0.55,40,1.06e+18,Loja_8,Todos
Prophet,Olist,Loja,0.36,0.04,29,1.76e+18,Loja_8,Todos
ARIMA,Olist,Loja,34.24,0.01,23,172.52,Loja_9,Todos
CNN,Olist,Loja,2.64,0.12,12,53.52,Loja_9,Todos
LSMT,Olist,Loja,12.13,0.56,25,155.44,Loja_9,Todos
Prophet,Olist,Loja,0.57,0.03,66,189.29,Loja_9,Todos
ARIMA,Favorita,Item,142.63,0.07,624,19.76,3,1.05e+06
CNN,Favorita,Item,4.86,0.14,618,19.62,3,1.05e+06
LSMT,Favorita,Item,5.31,0.5,423,12.87,3,1.05e+06
Prophet,Favorita,Item,0.17,0.06,821,26.97,3,1.05e+06
ARIMA,Favorita,Item,5.79,0.01,336,7.3,3,1.50e+06
CNN,Favorita,Item,3.85,0.13,372,8.18,3,1.50e+06
LSMT,Favorita,Item,11.17,0.5,445,10.2,3,1.50e+06
Prophet,Favorita,Item,0.18,0.06,515,11.65,3,1.50e+06
ARIMA,Favorita,Item,16.87,0.01,279,16.53,8,1.05e+06
CNN,Favorita,Item,4.59,0.16,244,13.99,8,1.05e+06
LSMT,Favorita,Item,5.94,0.5,245,14.27,8,1.05e+06
Prophet,Favorita,Item,0.23,0.1,301,18.42,8,1.05e+06
ARIMA,Favorita,Item,6.05,0.01,270,7.82,8,1.50e+06
CNN,Favorita,Item,3.71,0.16,347,10.01,8,1.50e+06
LSMT,Favorita,Item,10.69,0.5,294,8.24,8,1.50e+06
Prophet,Favorita,Item,0.2,0.05,304,9.22,8,1.50e+06
ARIMA,Favorita,Item,458.74,0.01,1192,39.76,44,1.05e+06
CNN,Favorita,Item,4.67,0.17,552,15.57,44,1.05e+06
LSMT,Favorita,Item,5.62,0.52,544,16.63,44,1.05e+06
Prophet,Favorita,Item,0.2,0.07,1280,43.17,44,1.05e+06
ARIMA,Favorita,Item,5.22,0.01,526,8.78,44,1.50e+06
CNN,Favorita,Item,3.1,0.16,660,11.59,44,1.50e+06
LSMT,Favorita,Item,11.19,0.5,659,10.88,44,1.50e+06
Prophet,Favorita,Item,0.17,0.04,612,10.72,44,1.50e+06
ARIMA,Favorita,Item,5.66,0.01,182,6.23,45,1.47e+06
CNN,Favorita,Item,3.45,0.15,238,7.53,45,1.47e+06
LSMT,Favorita,Item,10.9,0.5,198,7.17,45,1.47e+06
Prophet,Favorita,Item,0.17,0.05,250,8.19,45,1.47e+06
ARIMA,Favorita,Item,5.65,0.01,258,6.63,45,1.50e+06
CNN,Favorita,Item,3.46,0.12,371,9.59,45,1.50e+06
LSMT,Favorita,Item,10.37,0.49,310,8.05,45,1.50e+06
Prophet,Favorita,Item,0.17,0.05,374,9.18,45,1.50e+06
ARIMA,Favorita,Item,90.3,0.01,209,13.79,46,584028
CNN,Favorita,Item,4.62,0.13,199,16.83,46,584028
LSMT,Favorita,Item,16.31,0.52,179,12.41,46,584028
Prophet,Favorita,Item,0.17,0.08,232,16.0,46,584028
ARIMA,Favorita,Item,4.51,0.01,356,16.77,46,1.46e+06
CNN,Favorita,Item,3.81,0.13,342,11.55,46,1.46e+06
LSMT,Favorita,Item,10.13,0.5,294,12.33,46,1.46e+06
Prophet,Favorita,Item,0.15,0.05,391,18.44,46,1.46e+06
ARIMA,Favorita,Item,16.12,0.02,1044,72.35,47,1.05e+06
CNN,Favorita,Item,4.67,0.12,317,16.97,47,1.05e+06
LSMT,Favorita,Item,7.99,0.52,291,14.73,47,1.05e+06
Prophet,Favorita,Item,0.17,0.05,1228,84.7,47,1.05e+06
ARIMA,Favorita,Item,5.66,0.0,260,8.43,47,1.50e+06
CNN,Favorita,Item,3.61,0.13,313,10.28,47,1.50e+06
LSMT,Favorita,Item,11.54,0.52,323,10.78,47,1.50e+06
Prophet,Favorita,Item,0.15,0.06,317,10.61,47,1.50e+06
ARIMA,Favorita,Item,402.45,0.05,251,13.18,48,584028
CNN,Favorita,Item,4.43,0.12,239,12.85,48,584028
LSMT,Favorita,Item,16.68,0.51,272,14.23,48,584028
Prophet,Favorita,Item,0.17,0.06,271,14.64,48,584028
ARIMA,Favorita,Item,16.15,0.0,413,13.19,48,1.46e+06
CNN,Favorita,Item,3.53,0.18,450,14.43,48,1.46e+06
LSMT,Favorita,Item,12.34,0.5,356,12.16,48,1.46e+06
Prophet,Favorita,Item,0.23,0.04,595,19.58,48,1.46e+06
ARIMA,Favorita,Item,16.75,0.01,217,7.68,49,1.47e+06
CNN,Favorita,Item,4.53,0.13,312,10.6,49,1.47e+06
LSMT,Favorita,Item,11.63,0.5,199,6.72,49,1.47e+06
Prophet,Favorita,Item,0.17,0.05,252,9.79,49,1.47e+06
ARIMA,Favorita,Item,110.42,0.01,475,10.3,49,1.50e+06
CNN,Favorita,Item,3.61,0.12,616,13.54,49,1.50e+06
LSMT,Favorita,Item,12.04,0.5,476,10.03,49,1.50e+06
Prophet,Favorita,Item,0.17,0.07,516,11.19,49,1.50e+06
ARIMA,Favorita,Item,743.83,0.06,199,26.19,50,364606
CNN,Favorita,Item,4.72,0.17,134,14.84,50,364606
LSMT,Favorita,Item,17.85,0.52,109,12.19,50,364606
Prophet,Favorita,Item,0.22,0.08,244,32.64,50,364606
ARIMA,Favorita,Item,346.11,0.02,139,10.93,50,584028
CNN,Favorita,Item,4.74,0.18,153,12.25,50,584028
LSMT,Favorita,Item,16.94,0.52,136,12.03,50,584028
Prophet,Favorita,Item,0.23,0.07,252,21.3,50,584028
ARIMA,Favorita,Item,13.48,0.0,416,39.91,51,257847
CNN,Favorita,Item,4.89,0.15,350,25.21,51,257847
LSMT,Favorita,Item,7.4,0.51,316,23.83,51,257847
Prophet,Favorita,Item,0.19,0.07,294,23.06,51,257847
ARIMA,Favorita,Item,28.66,0.01,488,18.56,51,1.50e+06
CNN,Favorita,Item,4.08,0.16,272,8.79,51,1.50e+06
LSMT,Favorita,Item,12.01,0.52,405,15.53,51,1.50e+06
Prophet,Favorita,Item,0.18,0.05,529,19.87,51,1.50e+06
ARIMA,M5,Item,16.06,0.01,399,5.64e+19,CA_1,FOODS_3_090
CNN,M5,Item,5.28,0.12,212,3.21e+19,CA_1,FOODS_3_090
LSMT,M5,Item,12.61,0.54,162,1.76e+19,CA_1,FOODS_3_090
Prophet,M5,Item,0.2,0.06,214,3.04e+19,CA_1,FOODS_3_090
ARIMA,M5,Item,628.16,0.06,50,14.73,CA_1,FOODS_3_586
CNN,M5,Item,5.72,0.14,43,11.99,CA_1,FOODS_3_586
LSMT,M5,Item,6.92,0.52,38,10.52,CA_1,FOODS_3_586
Prophet,M5,Item,0.19,0.07,43,10.99,CA_1,FOODS_3_586
ARIMA,M5,Item,445.4,0.06,84,40.44,CA_2,FOODS_3_252
CNN,M5,Item,4.98,0.13,78,27.73,CA_2,FOODS_3_252
LSMT,M5,Item,6.62,0.8,54,23.24,CA_2,FOODS_3_252
Prophet,M5,Item,0.2,0.06,80,40.77,CA_2,FOODS_3_252
ARIMA,M5,Item,124.99,0.01,121,73.66,CA_2,FOODS_3_586
CNN,M5,Item,6.18,0.14,71,34.89,CA_2,FOODS_3_586
LSMT,M5,Item,8.22,0.52,50,23.82,CA_2,FOODS_3_586
Prophet,M5,Item,0.19,0.07,119,71.45,CA_2,FOODS_3_586
ARIMA,M5,Item,263.24,0.01,419,1656.37,CA_3,FOODS_3_090
CNN,M5,Item,5.89,0.16,354,827.5,CA_3,FOODS_3_090
LSMT,M5,Item,22.35,0.52,308,790.04,CA_3,FOODS_3_090
Prophet,M5,Item,0.2,0.07,398,1252.76,CA_3,FOODS_3_090
ARIMA,M5,Item,739.15,0.01,90,16.98,CA_3,FOODS_3_586
CNN,M5,Item,5.85,0.15,67,11.13,CA_3,FOODS_3_586
LSMT,M5,Item,19.52,0.52,68,10.65,CA_3,FOODS_3_586
Prophet,M5,Item,0.18,0.07,108,20.6,CA_3,FOODS_3_586
ARIMA,M5,Item,18.44,0.0,100,1.61e+19,CA_4,FOODS_3_090
CNN,M5,Item,5.75,0.15,86,1.15e+19,CA_4,FOODS_3_090
LSMT,M5,Item,12.88,0.52,77,7.29e+18,CA_4,FOODS_3_090
Prophet,M5,Item,0.18,0.07,114,1.54e+19,CA_4,FOODS_3_090
ARIMA,M5,Item,13.77,0.01,60,72.24,CA_4,FOODS_3_586
CNN,M5,Item,4.67,0.13,23,21.64,CA_4,FOODS_3_586
LSMT,M5,Item,7.86,0.5,22,22.52,CA_4,FOODS_3_586
Prophet,M5,Item,0.29,0.16,55,63.27,CA_4,FOODS_3_586
ARIMA,M5,Item,9.73,0.0,176,2.93e+19,TX_1,FOODS_3_090
CNN,M5,Item,4.72,0.13,147,1.89e+19,TX_1,FOODS_3_090
LSMT,M5,Item,22.34,0.52,140,1.18e+19,TX_1,FOODS_3_090
Prophet,M5,Item,0.18,0.1,185,2.39e+19,TX_1,FOODS_3_090
ARIMA,M5,Item,241.24,0.01,85,23.08,TX_1,FOODS_3_586
CNN,M5,Item,4.4,0.12,54,12.45,TX_1,FOODS_3_586
LSMT,M5,Item,7.23,0.8,52,12.9,TX_1,FOODS_3_586
Prophet,M5,Item,0.25,0.1,51,11.6,TX_1,FOODS_3_586
ARIMA,M5,Item,32.29,0.01,213,3.62e+19,TX_2,FOODS_3_090
CNN,M5,Item,4.62,0.15,230,3.45e+19,TX_2,FOODS_3_090
LSMT,M5,Item,28.2,0.63,177,1.76e+19,TX_2,FOODS_3_090
Prophet,M5,Item,0.35,0.15,218,3.19e+19,TX_2,FOODS_3_090
ARIMA,M5,Item,378.33,0.01,119,17.65,TX_2,FOODS_3_586
CNN,M5,Item,4.42,0.12,98,12.03,TX_2,FOODS_3_586
LSMT,M5,Item,26.63,0.64,99,11.84,TX_2,FOODS_3_586
Prophet,M5,Item,0.2,0.08,93,11.58,TX_2,FOODS_3_586
ARIMA,M5,Item,307.46,0.01,192,3.06e+19,TX_3,FOODS_3_090
CNN,M5,Item,5.32,0.12,206,2.90e+19,TX_3,FOODS_3_090
LSMT,M5,Item,26.09,0.54,166,1.46e+19,TX_3,FOODS_3_090
Prophet,M5,Item,0.2,0.07,224,3.23e+19,TX_3,FOODS_3_090
ARIMA,M5,Item,219.4,0.01,88,14.79,TX_3,FOODS_3_586
CNN,M5,Item,4.53,0.12,90,14.9,TX_3,FOODS_3_586
LSMT,M5,Item,8.96,0.58,83,13.94,TX_3,FOODS_3_586
Prophet,M5,Item,0.15,0.06,93,14.41,TX_3,FOODS_3_586
ARIMA,M5,Item,545.28,0.05,130,45.75,WI_1,FOODS_3_226
CNN,M5,Item,4.53,0.12,52,14.87,WI_1,FOODS_3_226
LSMT,M5,Item,25.38,0.53,44,11.79,WI_1,FOODS_3_226
Prophet,M5,Item,0.27,0.1,128,43.55,WI_1,FOODS_3_226
ARIMA,M5,Item,417.78,0.06,32,21.63,WI_1,FOODS_3_694
CNN,M5,Item,4.43,0.13,23,12.05,WI_1,FOODS_3_694
LSMT,M5,Item,25.85,0.57,21,11.32,WI_1,FOODS_3_694
Prophet,M5,Item,0.25,0.1,24,14.88,WI_1,FOODS_3_694
ARIMA,M5,Item,381.7,0.01,49,16.75,WI_2,FOODS_3_226
CNN,M5,Item,4.55,0.13,52,16.47,WI_2,FOODS_3_226
LSMT,M5,Item,13.7,0.63,43,14.84,WI_2,FOODS_3_226
Prophet,M5,Item,0.21,0.1,67,21.41,WI_2,FOODS_3_226
ARIMA,M5,Item,246.31,0.01,35,14.08,WI_2,FOODS_3_694
CNN,M5,Item,4.82,0.12,52,19.65,WI_2,FOODS_3_694
LSMT,M5,Item,25.72,0.56,34,13.51,WI_2,FOODS_3_694
Prophet,M5,Item,0.22,0.08,74,34.25,WI_2,FOODS_3_694
ARIMA,M5,Item,249.44,0.06,229,2.95e+19,WI_3,FOODS_3_090
CNN,M5,Item,4.7,0.19,189,2.21e+19,WI_3,FOODS_3_090
LSMT,M5,Item,19.75,0.91,159,1.67e+19,WI_3,FOODS_3_090
Prophet,M5,Item,0.19,0.06,306,2.15e+19,WI_3,FOODS_3_090
ARIMA,M5,Item,203.94,0.01,44,11.41,WI_3,FOODS_3_226
CNN,M5,Item,4.64,0.16,51,12.31,WI_3,FOODS_3_226
LSMT,M5,Item,13.66,0.57,50,12.71,WI_3,FOODS_3_226
Prophet,M5,Item,0.21,0.06,63,15.44,WI_3,FOODS_3_226
ARIMA,Olist,Item,34.1,0.01,4,6.16e+17,Loja_1,Item_1
CNN,Olist,Item,2.71,0.13,4,2.07e+17,Loja_1,Item_1
LSMT,Olist,Item,12.76,0.9,57,1.05e+18,Loja_1,Item_1
Prophet,Olist,Item,0.57,0.05,9,1.23e+18,Loja_1,Item_1
ARIMA,Olist,Item,21.53,0.01,2,8.50e+16,Loja_1,Item_2
CNN,Olist,Item,2.69,0.13,2,2.57e+16,Loja_1,Item_2
LSMT,Olist,Item,12.3,0.61,4,1.08e+17,Loja_1,Item_2
Prophet,Olist,Item,0.35,0.05,4,1.02e+17,Loja_1,Item_2
ARIMA,Olist,Item,107.65,0.01,3,1.15e+18,Loja_10,Item_19
CNN,Olist,Item,2.68,0.13,0,5.66e+16,Loja_10,Item_19
LSMT,Olist,Item,11.66,0.54,0,2.31e+17,Loja_10,Item_19
Prophet,Olist,Item,0.7,0.03,9,3.25e+18,Loja_10,Item_19
ARIMA,Olist,Item,195.46,0.01,2,9.25e+17,Loja_10,Item_20
CNN,Olist,Item,2.88,0.12,0,1.77e+17,Loja_10,Item_20
LSMT,Olist,Item,12.4,0.6,1,1.87e+17,Loja_10,Item_20
Prophet,Olist,Item,0.37,0.03,9,3.43e+18,Loja_10,Item_20
ARIMA,Olist,Item,22.0,0.01,11,1.36e+18,Loja_2,Item_3
CNN,Olist,Item,2.68,0.14,3,5.01e+17,Loja_2,Item_3
LSMT,Olist,Item,12.47,0.6,4,2.95e+17,Loja_2,Item_3
Prophet,Olist,Item,0.35,0.03,24,2.47e+18,Loja_2,Item_3
ARIMA,Olist,Item,21.72,0.01,3,4.53e+17,Loja_2,Item_4
CNN,Olist,Item,2.7,0.12,1,2.42e+17,Loja_2,Item_4
LSMT,Olist,Item,12.85,0.57,2,3.89e+17,Loja_2,Item_4
Prophet,Olist,Item,0.34,0.04,4,5.72e+17,Loja_2,Item_4
ARIMA,Olist,Item,23.55,0.01,10,5.62e+17,Loja_3,Item_5
CNN,Olist,Item,2.59,0.12,8,4.02e+17,Loja_3,Item_5
LSMT,Olist,Item,11.96,0.56,94,1.99e+18,Loja_3,Item_5
Prophet,Olist,Item,0.59,0.03,10,3.45e+17,Loja_3,Item_5
ARIMA,Olist,Item,4.32,0.01,5,3.85e+17,Loja_3,Item_6
CNN,Olist,Item,2.68,0.12,4,3.04e+17,Loja_3,Item_6
LSMT,Olist,Item,12.26,0.65,11,2.72e+17,Loja_3,Item_6
Prophet,Olist,Item,0.42,0.03,7,2.51e+17,Loja_3,Item_6
ARIMA,Olist,Item,20.96,0.01,8,2.00e+18,Loja_4,Item_7
CNN,Olist,Item,2.94,0.12,1,3.64e+17,Loja_4,Item_7
LSMT,Olist,Item,11.43,0.52,3,6.09e+17,Loja_4,Item_7
Prophet,Olist,Item,0.3,0.04,11,2.16e+18,Loja_4,Item_7
ARIMA,Olist,Item,4.07,0.01,4,1.20e+17,Loja_4,Item_8
CNN,Olist,Item,2.69,0.16,1,2.35e+16,Loja_4,Item_8
LSMT,Olist,Item,10.72,0.54,4,9.51e+16,Loja_4,Item_8
Prophet,Olist,Item,0.33,0.03,5,1.25e+17,Loja_4,Item_8
ARIMA,Olist,Item,5.38,0.01,1,5.36e+16,Loja_5,Item_10
CNN,Olist,Item,2.81,0.12,1,1.69e+17,Loja_5,Item_10
LSMT,Olist,Item,10.01,0.54,16,9.70e+17,Loja_5,Item_10
Prophet,Olist,Item,0.45,0.04,3,1.26e+17,Loja_5,Item_10
ARIMA,Olist,Item,14.09,0.01,2,50.69,Loja_5,Item_9
CNN,Olist,Item,2.84,0.18,2,71.5,Loja_5,Item_9
LSMT,Olist,Item,12.06,0.53,11,378.71,Loja_5,Item_9
Prophet,Olist,Item,0.55,0.03,12,390.82,Loja_5,Item_9
ARIMA,Olist,Item,35.26,0.01,23,3.15e+18,Loja_6,Item_11
CNN,Olist,Item,2.68,0.12,8,8.24e+17,Loja_6,Item_11
LSMT,Olist,Item,11.91,0.52,87,6.88e+18,Loja_6,Item_11
Prophet,Olist,Item,0.52,0.03,69,5.53e+18,Loja_6,Item_11
ARIMA,Olist,Item,201.62,0.01,4,4.03e+17,Loja_6,Item_12
CNN,Olist,Item,2.68,0.12,4,9.98e+17,Loja_6,Item_12
LSMT,Olist,Item,6.57,0.51,16,1.32e+18,Loja_6,Item_12
Prophet,Olist,Item,0.52,0.03,1362,2.58e+20,Loja_6,Item_12
ARIMA,Olist,Item,25.34,0.01,2,3.54e+17,Loja_7,Item_13
CNN,Olist,Item,3.06,0.12,2,1.33e+17,Loja_7,Item_13
LSMT,Olist,Item,11.56,0.62,4,3.90e+17,Loja_7,Item_13
Prophet,Olist,Item,0.33,0.04,3,1.39e+17,Loja_7,Item_13
ARIMA,Olist,Item,4.65,0.01,3,1.26e+18,Loja_7,Item_14
CNN,Olist,Item,2.71,0.13,3,9.46e+17,Loja_7,Item_14
LSMT,Olist,Item,13.47,0.57,51,5.87e+18,Loja_7,Item_14
Prophet,Olist,Item,0.55,0.04,16,3.34e+18,Loja_7,Item_14
ARIMA,Olist,Item,26.66,0.01,2,1.38e+17,Loja_8,Item_15
CNN,Olist,Item,2.71,0.12,2,1.85e+17,Loja_8,Item_15
LSMT,Olist,Item,11.93,0.56,7,5.68e+17,Loja_8,Item_15
Prophet,Olist,Item,0.68,0.04,41,8.57e+18,Loja_8,Item_15
ARIMA,Olist,Item,15.36,0.0,3,4.49e+17,Loja_8,Item_16
CNN,Olist,Item,2.67,0.13,3,5.58e+17,Loja_8,Item_16
LSMT,Olist,Item,11.53,0.61,7,1.20e+18,Loja_8,Item_16
Prophet,Olist,Item,0.49,0.05,4,4.42e+17,Loja_8,Item_16
ARIMA,Olist,Item,38.31,0.01,2,5.00e+17,Loja_9,Item_17
CNN,Olist,Item,2.66,0.15,1,1.58e+17,Loja_9,Item_17
LSMT,Olist,Item,9.91,0.56,8,1.14e+18,Loja_9,Item_17
Prophet,Olist,Item,0.46,0.04,2,5.13e+16,Loja_9,Item_17
ARIMA,Olist,Item,12.21,0.0,1,1.53e+17,Loja_9,Item_18
CNN,Olist,Item,2.64,0.12,1,3.58e+17,Loja_9,Item_18
LSMT,Olist,Item,10.35,0.54,6,1.04e+18,Loja_9,Item_18
Prophet,Olist,Item,0.72,0.04,2,1.38e+17,Loja_9,Item_18
